ae train,ae test,ae norm,ae pos,ae quat,ae kld
1.7305987,1.4438714,0.012105332,14.009987,0.32838953,2.7759886
1.3099058,1.2523957,0.011455562,10.285061,0.28025422,3.3697138
1.1500683,1.1223996,0.012143674,8.946972,0.2541567,3.612148
1.0691999,1.0285991,0.013049483,8.305521,0.23734295,3.677286
0.97525525,0.99140203,0.013023045,7.519888,0.22196409,3.833477
0.92358094,0.9543085,0.012963512,7.11229,0.21105567,3.8561938
0.8674289,0.87384176,0.012761617,6.647815,0.20137113,3.9055738
0.8281543,0.83305836,0.012569951,6.331343,0.19376296,3.9325612
0.7845789,0.7852104,0.012372492,5.9689155,0.18645006,4.0064974
0.757128,0.7767421,0.012310214,5.755832,0.18031372,4.015938
0.72886753,0.7610317,0.012249047,5.5302978,0.17461284,4.026534
0.6992157,0.71465915,0.012118325,5.287089,0.16929498,4.0522194
0.6769594,0.70148146,0.011916766,5.110928,0.16467488,4.0969176
0.66206145,0.6751827,0.011750963,5.000492,0.16083717,4.089535
0.63939375,0.6651083,0.011525565,4.817176,0.15652359,4.1226025
0.62094,0.62727714,0.011302317,4.669618,0.15284799,4.148069
0.60328776,0.6314864,0.0111574335,4.52762,0.14941004,4.1695385
0.5903395,0.6217803,0.010986142,4.4289956,0.14634125,4.183116
0.5773877,0.60240114,0.010862621,4.3287554,0.1434259,4.1949816
0.5650248,0.5872459,0.010728464,4.2344284,0.14050913,4.1664724
0.5525802,0.57714814,0.01060141,4.137299,0.13779013,4.188477
0.55033636,0.5861179,0.010484806,4.074988,0.1354702,3.79131
0.55681896,0.5674055,0.010422115,4.0994496,0.13404791,3.535181
0.5425276,0.59367645,0.010278227,3.938277,0.13083634,3.367144
0.54009426,0.56654114,0.010194566,3.8933394,0.12844494,3.1943808
0.53836703,0.563876,0.010082801,3.8538263,0.12644802,3.0633736
0.5366592,0.5658567,0.01003901,3.8134954,0.12448481,2.9820895
0.5325064,0.55781657,0.009931216,3.7596102,0.12218384,2.8601465
0.5310022,0.54293346,0.009853437,3.7270298,0.12038896,2.7693694
0.53134084,0.54945433,0.009798758,3.7071207,0.11914348,2.7003598
0.5245029,0.54343927,0.009701225,3.6259265,0.1171424,2.6278605
0.5257033,0.56661284,0.009622771,3.6256597,0.11553144,2.5441976
0.5227827,0.54770195,0.00953964,3.5813377,0.113932416,2.4881263
0.5208969,0.62742215,0.0094717,3.5491145,0.11241841,2.4286118
0.5179209,0.5359081,0.009395867,3.5045311,0.11089351,2.384344
0.5274813,0.5538911,0.009339288,3.5717316,0.11094867,2.3370209
0.51835644,0.5378242,0.00928601,3.4661236,0.10923105,2.309415
0.51518553,0.5354624,0.009180597,3.432179,0.107612684,2.2389488
0.5181811,0.5405113,0.009121231,3.4447174,0.10697816,2.1939697
0.51238006,0.5382247,0.009009068,3.382814,0.105342016,2.1428123
0.51091444,0.5303099,0.008936198,3.3644567,0.10400599,2.0870743
0.549816,0.5241434,0.008991094,3.6751695,0.109282136,2.0605092
0.5355772,0.5400465,0.0088685425,3.533108,0.1061118,2.0527549
0.5020546,0.5221184,0.008704181,3.2469447,0.100572795,1.9804393
0.5027899,0.532209,0.00861812,3.2504942,0.09944804,1.9357665
0.50632876,0.53607506,0.008568949,3.2700129,0.098817386,1.9116762
0.50124,0.51877266,0.008475096,3.209829,0.09755986,1.8888398
0.50286835,0.5280434,0.00842511,3.2153254,0.09680316,1.8597827
0.50492895,0.52936417,0.008380584,3.2282088,0.09624648,1.8219327
0.49767444,0.5314526,0.008312727,3.1408389,0.09481635,1.8195089
0.500824,0.5184937,0.008254415,3.16091,0.094427876,1.7895932
0.49658504,0.52077365,0.008162036,3.1222432,0.0932967,1.7467315
0.4969255,0.5248421,0.008117794,3.1094475,0.092527896,1.7370203
0.49814036,0.52195567,0.008086226,3.1088228,0.092092544,1.7155802
0.49508843,0.51324105,0.008005578,3.0783172,0.09115993,1.6816978
0.49729058,0.519207,0.0079644285,3.0908203,0.09077968,1.6565554
0.49782068,0.5152016,0.00792309,3.0783443,0.090152435,1.650691
0.49108586,0.5239821,0.007860995,3.0091279,0.089001335,1.6278745
0.4998813,0.5285472,0.0078185005,3.085158,0.08924536,1.600078
0.48871696,0.5201125,0.0077753277,2.9680476,0.087632895,1.5923356
0.49716425,0.5201,0.007752985,3.0273051,0.08790913,1.586239
0.49391007,0.51898706,0.0076638726,2.9860356,0.08672835,1.5777335
0.50686896,0.51514584,0.0076926365,3.0804439,0.08761144,1.5777687
0.49198273,0.5176049,0.007583127,2.9481514,0.085717075,1.5445424
0.49165642,0.51616347,0.007563618,2.954285,0.08526978,1.5027522
0.49397984,0.50554407,0.007517286,2.9618764,0.084953085,1.4944983
0.49276626,0.5218012,0.0074977847,2.9404554,0.084327005,1.4823117
0.4880137,0.5290449,0.0074324105,2.903455,0.08352884,1.4476098
0.49135822,0.5190842,0.00741265,2.9198241,0.08343197,1.4400321
0.49111778,0.51027095,0.00734163,2.9091446,0.08281298,1.4284426
0.48967406,0.5222914,0.007307362,2.8844771,0.08231987,1.4181086
0.4939706,0.5109915,0.0072838967,2.9017498,0.08215243,1.4225276
0.49609527,0.51198757,0.007269046,2.9271996,0.08223136,1.3894268
0.48476687,0.52031857,0.007209037,2.8350232,0.08091094,1.3543324
0.49434215,0.5189802,0.007228569,2.8817313,0.081322186,1.3791561
0.4877556,0.50401765,0.00715721,2.8300414,0.08032793,1.3495393
0.487479,0.5142775,0.007126992,2.829806,0.07998119,1.326477
0.4884086,0.5085511,0.0071600624,2.8298876,0.07925311,1.3205339
0.48533204,0.50945467,0.0070873457,2.8166442,0.078588076,1.2865946
0.4928442,0.50618666,0.0070473836,2.848545,0.07902084,1.3043809
0.48744455,0.5087205,0.006995323,2.7923744,0.07799706,1.2951057
0.4871915,0.5303864,0.006967279,2.8036869,0.07767739,1.2844867
0.52241796,0.5117197,0.0070527485,3.069216,0.08153538,1.3325573
0.48243657,0.50927347,0.006894581,2.739978,0.07683455,1.3091476
0.50046426,0.5039971,0.0069086775,2.91152,0.0784242,1.301972
0.4793487,0.51811403,0.0068582403,2.741061,0.07641563,1.2814112
0.47821805,0.49585605,0.0067988588,2.739,0.07595502,1.2768312
0.4812643,0.5147633,0.0068004606,2.7821558,0.07617991,1.2618876
0.46861354,0.49719772,0.0067184484,2.6763303,0.0748619,1.2544676
0.4711405,0.4972922,0.0066878744,2.705244,0.07468729,1.2526002
0.5073593,0.50849897,0.0067659724,3.0381134,0.078578,1.2429338
0.4642344,0.48623973,0.0066613723,2.6521597,0.07429226,1.2406006
0.46231782,0.4929747,0.006628851,2.644263,0.07367377,1.2355483
0.46013513,0.48722267,0.006578768,2.637892,0.07308013,1.2260789
0.46384668,0.48210478,0.006558559,2.673135,0.07320939,1.2266792
0.46758753,0.47514254,0.0065916902,2.7019668,0.073642366,1.2308929
0.45685393,0.48345295,0.0065031494,2.6135776,0.07227055,1.2257527
0.45395792,0.48234966,0.00647142,2.6045423,0.07179955,1.2105697
0.4555966,0.47776622,0.006457237,2.6317236,0.0718217,1.1995678
0.45092702,0.4700874,0.0064117196,2.5934567,0.07118005,1.1976014
0.23104914,0.24258949,0.006231645,1.651024,0.06532358,1.8993906
0.21181001,0.23648915,0.006149336,1.4734505,0.063850015,2.272444
0.20611249,0.23612832,0.0061027845,1.4223579,0.06326639,2.475417
0.20359291,0.23142797,0.006062685,1.4010032,0.062886305,2.6222315
0.19973633,0.22533184,0.0060337796,1.3667634,0.062456638,2.743827
0.19848071,0.2295711,0.0059965253,1.3572545,0.06215562,2.842216
0.19736125,0.22022992,0.0059683956,1.3485954,0.061904863,2.9364972
0.1940484,0.22114336,0.005943916,1.3192294,0.06153107,3.029826
0.19348575,0.21860118,0.005920141,1.316139,0.061279822,3.1279795
0.19164227,0.21861373,0.005893784,1.3007385,0.06097904,3.240245
0.1909591,0.2168155,0.0058661015,1.2962801,0.06074446,3.340094
0.18993832,0.21407364,0.0058433213,1.2885219,0.060501777,3.4522922
0.18839346,0.21660326,0.005822491,1.2756326,0.06024797,3.5361066
0.18857355,0.21449538,0.005799767,1.2792164,0.060071923,3.596605
0.1858247,0.21238768,0.005781738,1.25453,0.059793547,3.6724381
0.18553115,0.21060131,0.0057589114,1.2536834,0.05958692,3.7116618
0.18466796,0.20974037,0.00573827,1.2473178,0.05936235,3.756682
0.18394962,0.20985264,0.005716179,1.2423232,0.059145674,3.7850306
0.18338576,0.21084236,0.0057002986,1.2387162,0.05894409,3.8270504
0.18389988,0.2050441,0.005684097,1.2450037,0.058831103,3.8318245
0.18068597,0.20818895,0.0056637977,1.216131,0.058506493,3.881696
0.18749316,0.21843153,0.005647061,1.2271287,0.05838511,3.4982858
0.19167538,0.22440973,0.005629554,1.2240078,0.058218855,3.1478374
0.1965324,0.22451481,0.005617516,1.2338941,0.058098532,2.8965418
0.20027454,0.22627376,0.005596299,1.2378397,0.057951327,2.6969435
0.20394762,0.2288741,0.005582608,1.245219,0.057852283,2.5218196
0.20695463,0.23251691,0.0055629807,1.2462372,0.057730846,2.4043791
0.21027295,0.2358501,0.0055520344,1.2555159,0.05762602,2.274868
0.21264559,0.23897229,0.005540457,1.2551154,0.05749515,2.1813648
0.2155427,0.24504843,0.0055263913,1.2591345,0.057379726,2.113124
0.21896534,0.24721491,0.005511618,1.2674633,0.0572963,2.0622916
0.22098553,0.24489167,0.0054972917,1.26721,0.05717423,1.9931213
0.2240999,0.25140288,0.005489539,1.2762175,0.0571051,1.9412042
0.22625805,0.25219867,0.0054756366,1.2757845,0.05697966,1.8993409
0.22918965,0.25358135,0.005462873,1.2806467,0.056918368,1.8711572
0.23140909,0.25657317,0.005448175,1.2808568,0.056783743,1.8397942
0.23450284,0.26159507,0.0054365415,1.2907646,0.056724787,1.8059219
0.2371069,0.26186782,0.005429262,1.2961007,0.056737747,1.772335
0.23856507,0.26601815,0.0054207495,1.2938821,0.056577116,1.7352561
0.24157974,0.26604152,0.005406884,1.3024448,0.056504875,1.714412
0.244072,0.26981035,0.005400816,1.3081659,0.05645882,1.6876949
0.2509779,0.26948324,0.005405556,1.3477978,0.05710771,1.6728535
0.24643159,0.27205637,0.005372492,1.2912784,0.056269143,1.6499279
0.24999267,0.28040695,0.0053630793,1.3085216,0.056206875,1.6277567
0.25298965,0.2808033,0.0053549744,1.3188263,0.05615458,1.6104233
0.25577316,0.28050795,0.0053440705,1.3281527,0.056100897,1.591742
0.2576603,0.2839183,0.005335178,1.3292702,0.05605961,1.5724645
0.2601713,0.28806585,0.005324099,1.3366598,0.05597219,1.5555717
0.2622238,0.28878883,0.0053122235,1.3366483,0.055896472,1.5456703
0.26481047,0.29211637,0.0053038294,1.3439418,0.05585189,1.5317383
0.2669359,0.295222,0.005298746,1.3470258,0.055769663,1.5186759
0.26912224,0.29703304,0.005288508,1.3518898,0.05572887,1.5033972
0.27112687,0.29690596,0.005285904,1.3543102,0.055666093,1.4906467
0.27298743,0.30086744,0.005274378,1.3562727,0.055600837,1.476943
0.27672005,0.30239192,0.0052730483,1.3754483,0.055703536,1.4637245
0.27644065,0.30600178,0.005258381,1.3545041,0.05544889,1.4574089
0.27890015,0.3066973,0.005249289,1.3637401,0.055435758,1.4427572
0.2885466,0.30875713,0.0052504176,1.4342557,0.056137864,1.434456
0.28180423,0.3082182,0.0052247625,1.3517926,0.055373218,1.4325672
0.28414312,0.3106358,0.0052183587,1.3628812,0.05529591,1.4159577
0.2874859,0.3146954,0.005210236,1.3823625,0.055312898,1.4012356
0.28994393,0.3176368,0.005209024,1.3928994,0.055296697,1.38785
0.29215568,0.3207791,0.0052003786,1.396505,0.05522356,1.382308
0.29445902,0.3207168,0.0051951045,1.4020197,0.055207945,1.3748312
0.2961644,0.32699624,0.005195096,1.4051152,0.055170875,1.3631248
0.29805815,0.32376945,0.0051831035,1.4095913,0.055111956,1.3529168
0.30016938,0.32753107,0.0051738634,1.4164331,0.055080645,1.3425397
0.30196148,0.32855764,0.005169757,1.42125,0.05506828,1.3308663
0.30352733,0.33032072,0.005158137,1.4193017,0.055006113,1.3259404
0.30553964,0.33794764,0.0051545547,1.4249372,0.054974087,1.3170171
0.3133137,0.33207065,0.0051541436,1.4825956,0.055649474,1.306671
0.30720034,0.33432186,0.005137016,1.4104849,0.054830268,1.3036218
0.31028152,0.33746403,0.0051368666,1.4272505,0.054854415,1.294481
0.31311804,0.34047166,0.005128304,1.4438624,0.05487643,1.2831233
0.31447425,0.33947027,0.00512622,1.4435364,0.054820757,1.2754134
0.31608304,0.34374878,0.0051216567,1.4457518,0.054787535,1.2677255
0.31817034,0.3467765,0.005109156,1.4547952,0.0547852,1.2578002
0.32038522,0.3475172,0.005102271,1.4639598,0.054798804,1.2492653
0.32157263,0.3473487,0.005097595,1.4637733,0.054708064,1.2411464
0.32366088,0.34993938,0.0050919475,1.4685092,0.054696843,1.2366502
0.3250757,0.3517806,0.0050908756,1.4697305,0.054657128,1.2293642
0.3245977,0.35113114,0.0050777644,1.467824,0.05461864,1.2268889
0.32453665,0.3512528,0.0050739157,1.4699987,0.054557275,1.2247213
0.32377973,0.35049018,0.005069809,1.4676864,0.05448171,1.220224
0.32364058,0.35014427,0.0050570928,1.4691088,0.054438587,1.2178539
0.32304412,0.350126,0.005053214,1.4669822,0.054335903,1.2150464
0.32178757,0.3502208,0.0050503034,1.4577489,0.054242264,1.2126538
0.32174388,0.34624484,0.0050447746,1.4618645,0.054200057,1.2085286
0.32116118,0.3482951,0.0050377892,1.4579158,0.054104205,1.207616
0.3215989,0.34871912,0.0050349925,1.4657071,0.054178756,1.203459
0.3201897,0.3471009,0.0050264974,1.4547508,0.053957563,1.2025442
0.32094294,0.35019302,0.005017169,1.4622471,0.053952325,1.2026416
0.31971368,0.34840325,0.005012816,1.4547771,0.05383777,1.1989692
0.3192555,0.34451914,0.005010446,1.4520284,0.053746127,1.1980546
0.31895673,0.34577498,0.005001218,1.4532394,0.053673808,1.1945888
0.31875888,0.3438424,0.0049967524,1.45438,0.053668644,1.1915253
0.3178666,0.34738135,0.0049926355,1.4505414,0.05354663,1.1876653
0.31754318,0.34321967,0.0049871625,1.4445388,0.053478416,1.1911216
0.31720835,0.34492666,0.004973726,1.4456495,0.05337052,1.1877551
0.31696135,0.34229785,0.0049707266,1.446967,0.053333662,1.1843388
0.15447344,0.1751636,0.004924839,1.0327076,0.05071019,1.7759507
0.14543682,0.17171629,0.004906633,0.948386,0.050107554,2.030915
0.14272691,0.16930538,0.004900674,0.923261,0.049910743,2.1532602
0.14078514,0.16818275,0.0048917783,0.9053549,0.049760465,2.2479894
0.13968404,0.16698042,0.004888056,0.8953727,0.04965796,2.3272514
0.1387451,0.1665401,0.004880274,0.88692737,0.049564335,2.3959012
0.13794798,0.16507131,0.004876772,0.8798757,0.049472723,2.4519274
0.13726623,0.16511944,0.0048726983,0.87377185,0.04940179,2.4971542
0.1367236,0.1638362,0.0048656566,0.86913157,0.049323868,2.532921
0.13612089,0.16385657,0.00485994,0.863903,0.04924459,2.5725532
0.13569003,0.16365801,0.0048538144,0.8602269,0.049181957,2.6049724
0.13526542,0.1629427,0.0048472504,0.85666424,0.04911427,2.63443
0.13487463,0.16241154,0.0048435205,0.85337144,0.04905314,2.6621177
0.13443078,0.16246332,0.004836997,0.84958345,0.04898875,2.6895995
0.13410865,0.16132005,0.004832582,0.84703714,0.048921663,2.713589
0.13377257,0.1618034,0.004826871,0.844265,0.048863385,2.7358906
0.13336548,0.16065921,0.0048222058,0.8408965,0.048793603,2.758683
0.13311324,0.1606819,0.0048154322,0.83893394,0.048738305,2.7828925
0.13273513,0.1604989,0.004810955,0.83577466,0.04867658,2.8049526
0.13240683,0.15990312,0.0048055523,0.8330744,0.048618834,2.8291836
0.13224572,0.15984803,0.0047994293,0.832027,0.048563067,2.8460186
0.1365947,0.16423975,0.0047947215,0.8308922,0.048511576,2.70866
0.14081267,0.16845864,0.0047900258,0.8346101,0.048487853,2.5154378
0.14465061,0.17221114,0.0047858497,0.8394084,0.048464965,2.3532426
0.14815608,0.17554279,0.0047802213,0.8440188,0.048448447,2.2241566
0.1515151,0.17918071,0.0047751106,0.8475842,0.048426475,2.142324
0.15490462,0.18225765,0.004773378,0.8518782,0.04841757,2.0821888
0.1581149,0.18570147,0.004768749,0.8565744,0.04840428,2.020825
0.16109654,0.18884574,0.0047635376,0.86044747,0.04838518,1.964269
0.16422537,0.19167612,0.004760558,0.8658171,0.04840018,1.9178274
0.1667704,0.19430324,0.004755222,0.86747396,0.048353616,1.8716316
0.16989481,0.1972011,0.004751272,0.8747816,0.048352383,1.8321346
0.17278843,0.20102736,0.004747006,0.87989026,0.04834286,1.7990916
0.1755824,0.20362554,0.004744619,0.8851161,0.048349366,1.7652441
0.17827012,0.20570764,0.004740386,0.8890829,0.04834123,1.7377093
0.18114127,0.20859347,0.0047380044,0.8938587,0.0483388,1.7177124
0.18391168,0.21131848,0.0047367774,0.89951456,0.04833861,1.6930482
0.18660067,0.21428514,0.0047308947,0.90272284,0.048337247,1.6771069
0.18922019,0.21719918,0.004731038,0.9073739,0.048325118,1.6561524
0.19216919,0.2200361,0.004727041,0.914057,0.048342098,1.640485
0.19440372,0.22209226,0.00472347,0.9145359,0.048348244,1.6238867
0.19732085,0.22461401,0.0047210995,0.92316604,0.048352618,1.605128
0.19976874,0.22653198,0.004717089,0.9265727,0.048347156,1.5897983
0.20235643,0.23000087,0.004712228,0.93087304,0.048348177,1.576949
0.20494448,0.23213872,0.004710878,0.93633246,0.04835247,1.5621916
0.20757562,0.2350483,0.004706218,0.9423671,0.04837418,1.5478587
0.20999353,0.23775287,0.004706301,0.945966,0.04837866,1.5357145
0.21252877,0.23971735,0.004702055,0.9516163,0.048379462,1.5226104
0.21488324,0.24200732,0.004700054,0.95584303,0.048394974,1.5092987
0.21729794,0.24519184,0.0046986085,0.9600578,0.04838122,1.4987808
0.21969995,0.24708007,0.0046948125,0.9653748,0.048409414,1.4856708
0.2221828,0.24931657,0.004692357,0.97037715,0.04843093,1.4757081
0.22461061,0.25212285,0.004690129,0.9756147,0.048446678,1.4650022
0.22710161,0.25509772,0.004687577,0.98146796,0.048450507,1.4551914
0.22942849,0.25674176,0.0046831784,0.9855878,0.048452564,1.4461558
0.23154113,0.25878477,0.0046819504,0.99015003,0.04845916,1.4331219
0.23386608,0.26133108,0.0046798033,0.99467295,0.04847927,1.4241924
0.23628944,0.26389334,0.0046761227,1.0007234,0.04848606,1.4150825
0.2386843,0.2662199,0.004674537,1.0058358,0.04849944,1.4073766
0.24053192,0.26798165,0.0046692477,1.0075243,0.048499346,1.3971266
0.24275424,0.2703093,0.004668364,1.0128663,0.04852091,1.387198
0.24513392,0.27408037,0.004666503,1.018096,0.048526857,1.380451
0.24744272,0.2743906,0.0046664346,1.0237012,0.0485545,1.3721637
0.24959229,0.27694637,0.004661864,1.0289037,0.048564397,1.3628554
0.25184706,0.2791173,0.0046593933,1.035178,0.048588235,1.353751
0.2539809,0.2811066,0.0046606543,1.0387317,0.048619244,1.3469658
0.25616416,0.28425732,0.004655332,1.0430913,0.048612937,1.3405638
0.2580158,0.28592944,0.00465187,1.0461966,0.048619214,1.3316394
0.2603604,0.2878594,0.0046507106,1.0534173,0.048691217,1.3232795
0.2623476,0.28965166,0.0046510496,1.0562934,0.04867437,1.3172917
0.26427168,0.29081464,0.004647734,1.0602431,0.04869339,1.3090703
0.26644003,0.29450852,0.004645747,1.0656132,0.048694026,1.3025897
0.26877236,0.29739746,0.0046469434,1.0726658,0.04871553,1.2960641
0.2708798,0.29870784,0.0046466924,1.0762901,0.04873808,1.29111
0.27252996,0.30027443,0.004643032,1.0793924,0.04874257,1.282043
0.27437037,0.30269533,0.0046412554,1.083168,0.048764955,1.2744488
0.27659458,0.303711,0.004637612,1.0886788,0.04880501,1.2691925
0.278821,0.3067188,0.0046359375,1.0957842,0.048835292,1.2625649
0.28162736,0.30742684,0.0046345764,1.1094515,0.04891445,1.2548718
0.28215572,0.30964074,0.0046335147,1.0985363,0.048842326,1.250811
0.2846538,0.3127531,0.0046320185,1.1083336,0.048880648,1.2447658
0.28449708,0.31135252,0.00463026,1.1082773,0.048856713,1.243496
0.28415734,0.31233335,0.0046258746,1.1070762,0.048831277,1.2415584
0.2843137,0.31187913,0.0046253614,1.1105949,0.04883418,1.2395748
0.28414103,0.3122277,0.004626753,1.1095742,0.048814196,1.2390672
0.28447452,0.31091124,0.0046212007,1.111364,0.048830755,1.2404524
0.28356355,0.31225222,0.00461704,1.1046739,0.04874455,1.2388992
0.28321955,0.31174043,0.0046158596,1.1051754,0.048723426,1.2351699
0.28325334,0.31103876,0.0046157995,1.1083665,0.048726123,1.2322896
0.28336725,0.31133094,0.0046130526,1.1102575,0.048739497,1.2314068
0.2830875,0.31134233,0.0046120035,1.1065849,0.04868795,1.2327985
0.28305152,0.3100994,0.004607004,1.107841,0.0486834,1.2312331
0.28292948,0.3111631,0.004607185,1.1088667,0.048685584,1.2289653
0.28247106,0.31069553,0.0046019494,1.1055737,0.04864256,1.2281094
0.28256536,0.30974394,0.0046006376,1.1072454,0.048633717,1.2274702
0.28245518,0.309967,0.004601375,1.1066775,0.048601694,1.2272558
0.2824759,0.31015214,0.004599955,1.1066697,0.04858242,1.2276651
0.28191993,0.30986565,0.00459892,1.1032035,0.048538987,1.2260069
0.2820541,0.30951083,0.004594133,1.1066806,0.04856596,1.2236067
0.2822837,0.3094098,0.0045921314,1.1099939,0.048572555,1.2225251
0.13875453,0.16019522,0.0045715417,0.91105205,0.04719219,1.5947324
0.13015729,0.15645146,0.0045605227,0.8311332,0.046587925,1.8657049
0.12761493,0.15481287,0.004556451,0.80751103,0.04640819,1.9697809
0.12614886,0.15351227,0.0045518917,0.7938885,0.046304833,2.042173
0.12501408,0.15260488,0.004550622,0.78337395,0.04622163,2.10048
0.12424894,0.15213212,0.0045478237,0.7763372,0.04616043,2.1508586
0.123603925,0.15159403,0.004545723,0.7703382,0.04611554,2.194824
0.12308682,0.15080437,0.0045450316,0.7656234,0.046069972,2.2343454
0.122617096,0.15049927,0.0045439503,0.7613435,0.04602836,2.2693653
0.122226715,0.1502463,0.0045417105,0.75779366,0.045993175,2.3016815
0.12188696,0.1499474,0.0045397254,0.7547216,0.045960817,2.3306868
0.12154503,0.14952132,0.0045380094,0.7516014,0.045931086,2.3586972
0.1212745,0.1494256,0.0045368867,0.7491591,0.045904912,2.3866274
0.12099919,0.14888746,0.0045353565,0.74667615,0.045878045,2.4113276
0.1208008,0.14872639,0.0045337626,0.7449359,0.045853827,2.435147
0.120549016,0.14859636,0.0045314017,0.74267477,0.0458284,2.456458
0.12034242,0.14844455,0.004530877,0.7408797,0.04580136,2.4804127
0.12017395,0.1482241,0.0045292294,0.7393563,0.0457854,2.5006883
0.11994798,0.14817578,0.004526991,0.73740697,0.045754585,2.5209014
0.11977728,0.14778113,0.0045252983,0.7359311,0.045731645,2.5398047
0.11963696,0.14790489,0.004524013,0.7347265,0.045711912,2.5569172
0.12372554,0.15189792,0.004521994,0.73381466,0.045695737,2.517685
0.12772734,0.15590933,0.004520302,0.73480517,0.04568938,2.4316256
0.13158485,0.15984318,0.004519509,0.73801184,0.04569514,2.327314
0.13520129,0.16309083,0.0045174826,0.7413553,0.045696896,2.2375677
0.13869528,0.16672675,0.0045164702,0.7456916,0.045703992,2.1564584
0.14193437,0.16994902,0.004515098,0.7490941,0.04571303,2.0860407
0.14520015,0.17328452,0.0045135277,0.7540844,0.045724258,2.0242372
0.1483235,0.17633703,0.0045124865,0.75841755,0.04573989,1.9717958
0.15138918,0.17945449,0.0045119533,0.7623558,0.045750715,1.9301115
0.15439057,0.18244313,0.004511959,0.76637393,0.045762338,1.8923786
0.15739258,0.18540093,0.0045096427,0.77096415,0.045775175,1.8583654
0.1603008,0.18822643,0.0045094253,0.77538496,0.045791008,1.8260176
0.16308069,0.19103052,0.0045088194,0.7792269,0.045811117,1.7951998
0.1659151,0.19425747,0.0045066755,0.7835931,0.04582529,1.7691355
0.16874942,0.1967342,0.004507769,0.7884519,0.045844205,1.7443696
0.17145683,0.19928497,0.0045051035,0.7929031,0.04586651,1.7193557
0.17430115,0.20246284,0.004505267,0.79763174,0.045884036,1.7012963
0.1770215,0.20478629,0.004504861,0.8013979,0.045898516,1.6844238
0.1796618,0.20772111,0.0045037144,0.80544835,0.04591549,1.6658244
0.18232712,0.21063729,0.0045028576,0.8098944,0.045939047,1.6484506
0.1849672,0.2132439,0.0045018108,0.8139082,0.045958474,1.6333636
0.18763545,0.2161309,0.0045024953,0.81881,0.045980234,1.6179268
0.19029206,0.21848005,0.0045010187,0.82358986,0.046003375,1.6038157
0.19283509,0.22037742,0.0045006005,0.82827204,0.04603055,1.5881822
0.1953544,0.22310215,0.0044991756,0.8319668,0.04604964,1.5757958
0.19797833,0.22617085,0.00449753,0.8367635,0.04607519,1.564086
0.20049694,0.2287564,0.0044972785,0.84207886,0.04609557,1.5498608
0.20300879,0.23071784,0.0044969195,0.84628505,0.04612052,1.5387872
0.20534538,0.23313032,0.004496446,0.8506117,0.046148095,1.5245476
0.20784222,0.23622055,0.0044955853,0.8547227,0.046159104,1.5152256
0.21041633,0.2382907,0.004494569,0.8601099,0.046187818,1.505188
0.21276893,0.24136965,0.00449447,0.86473864,0.046211682,1.4931364
0.21525377,0.2435234,0.0044936286,0.8698067,0.046252236,1.4831179
0.21744183,0.24533518,0.0044934107,0.87288296,0.046261374,1.4725201
0.21992414,0.2476388,0.004493213,0.87820846,0.04629582,1.4632822
0.22245437,0.25044814,0.0044931904,0.8837642,0.046319824,1.4551471
0.22472818,0.2526639,0.004491931,0.8883923,0.04634972,1.4447031
0.22697106,0.254457,0.0044913725,0.89306283,0.046381656,1.4342209
0.22914493,0.25754628,0.0044910596,0.8962981,0.04640326,1.4255803
0.23142786,0.25983018,0.004489676,0.9012883,0.046423893,1.4163922
0.23385622,0.26193967,0.0044894954,0.90657526,0.04647174,1.4089459
0.23611926,0.2638159,0.0044879513,0.91118544,0.046489537,1.4008913
0.23827471,0.26619077,0.004489845,0.9155595,0.046519052,1.3918705
0.24048677,0.26862878,0.0044900193,0.91977274,0.04655054,1.3842266
0.24278653,0.2700981,0.0044858223,0.925579,0.046583667,1.3759519
0.24504879,0.27319124,0.004486607,0.92975533,0.046601985,1.3698602
0.24724384,0.2748328,0.0044868053,0.9346601,0.046660643,1.3617254
0.24933551,0.27734792,0.0044867857,0.9387285,0.04666587,1.3543515
0.25135282,0.27942395,0.004486514,0.94207084,0.04668778,1.3470522
0.25377375,0.28214517,0.0044874023,0.94894683,0.046740778,1.3402747
0.25587767,0.28467986,0.0044868155,0.9534237,0.04677268,1.3331053
0.25786558,0.2860518,0.004485733,0.95715356,0.04678975,1.3259066
0.25999925,0.28824523,0.0044863373,0.9628413,0.04683163,1.3181304
0.26226053,0.2903247,0.0044847704,0.9676909,0.046866745,1.3130689
0.26434556,0.29238155,0.004487215,0.9722058,0.046885256,1.3068107
0.26643488,0.2939088,0.004483926,0.9770809,0.04693164,1.300144
0.26848108,0.29620734,0.0044835024,0.98194104,0.046959173,1.2934681
0.2705841,0.29840288,0.0044846013,0.9855775,0.046980914,1.2889344
0.2725051,0.30068567,0.0044831308,0.9903155,0.047009487,1.281516
0.27462435,0.3035392,0.0044831913,0.9943492,0.047037542,1.2770355
0.27460378,0.30276152,0.004483508,0.9971394,0.04707553,1.2736592
0.27443436,0.30210668,0.0044832285,0.9972448,0.047053333,1.2720823
0.27449614,0.30282512,0.004481666,0.99842614,0.047064163,1.2714118
0.2741285,0.30257553,0.0044811442,0.99716264,0.047048483,1.2691565
0.2741695,0.3024666,0.0044792276,0.9982397,0.047044657,1.2685297
0.27415434,0.3025371,0.004478681,0.99957937,0.047046453,1.267021
0.2740032,0.30252442,0.004478464,0.9980554,0.047039233,1.2671058
0.27376914,0.3025495,0.0044779703,0.99843866,0.047052234,1.2642523
0.2737608,0.30215606,0.004477488,0.9991962,0.047046576,1.2634683
0.27391022,0.3014963,0.004476803,1.0007948,0.04704472,1.2633834
0.27369255,0.30178562,0.0044788267,0.99973404,0.047038797,1.2623245
0.27361098,0.30201045,0.0044733435,1.0003409,0.04705587,1.2607367
0.27366206,0.30155963,0.004475157,1.00132,0.047037255,1.260453
0.27355725,0.30192953,0.00447469,1.0002888,0.047014825,1.2606605
0.27329165,0.3018739,0.004473593,1.000164,0.04700902,1.2581888
0.27346826,0.3015825,0.0044717207,1.0017262,0.047022916,1.2582556
0.27304146,0.30187717,0.0044710706,0.9999093,0.0470089,1.2559453
0.27302712,0.30164516,0.0044708084,1.0001857,0.04699239,1.2556909
0.27317795,0.30169767,0.004470049,1.0007037,0.0470063,1.2565428
0.13407601,0.15622301,0.0044565503,0.87536824,0.046093527,1.5028206
0.12618102,0.15252843,0.004447833,0.8018835,0.04554788,1.7732714
0.1238129,0.15134385,0.004445719,0.77998286,0.045370046,1.877803
0.122509986,0.15030766,0.0044440585,0.7677729,0.045288276,1.9369595
0.121586494,0.14951038,0.004442962,0.75922,0.04522021,1.9811271
0.12085027,0.14874578,0.0044408557,0.7524378,0.045162417,2.0172846
0.120287664,0.14830813,0.004440179,0.7471965,0.045124006,2.0475667
0.11987051,0.14772566,0.0044388752,0.74331576,0.045095053,2.0758877
0.119501665,0.14750648,0.0044383043,0.7399524,0.0450626,2.1013386
0.11915647,0.14722939,0.004437984,0.73674655,0.04503802,2.124524
0.11883214,0.1469642,0.004436589,0.733727,0.045015782,2.146425
0.11856068,0.1466542,0.004436301,0.7312141,0.044995636,2.1663318
0.11830736,0.1464667,0.004435852,0.7288922,0.04497455,2.186974
0.11810804,0.14619987,0.004434879,0.7270597,0.044958577,2.2052076
0.11789702,0.14603634,0.004434813,0.7250988,0.04494366,2.2238367
0.11769794,0.14589012,0.0044332985,0.72324246,0.04493037,2.2415555
0.11750634,0.14571445,0.004433454,0.72150725,0.04491226,2.2605143
0.11736612,0.14559296,0.0044327816,0.7202151,0.044901323,2.274098
0.11722355,0.14559145,0.0044322005,0.7189227,0.044888068,2.2884138
0.11708527,0.14529434,0.004431349,0.71767294,0.044874843,2.3019516
0.11696644,0.14517081,0.004431057,0.7165637,0.044866964,2.316381
0.120691784,0.14893575,0.004430208,0.71545386,0.04485422,2.3094935
0.12445293,0.152645,0.0044300593,0.71547824,0.04485415,2.282387
0.128127,0.15634623,0.0044303774,0.71598655,0.044852726,2.246514
0.1317574,0.15990883,0.004429394,0.7175424,0.044863313,2.2045317
0.13522863,0.1634382,0.0044297134,0.7200788,0.044869617,2.1489775
0.13861829,0.1667561,0.0044297515,0.7226987,0.04488744,2.1018012
0.14191732,0.17023136,0.00442912,0.72526157,0.044896632,2.0615666
0.14514408,0.1733506,0.0044292468,0.7286742,0.044909064,2.01935
0.14831027,0.17668433,0.0044287047,0.73237485,0.044928323,1.9801068
0.15139706,0.17948999,0.0044289404,0.73552865,0.04494556,1.9473443
0.1544268,0.18248132,0.004429111,0.7393598,0.044963334,1.9137034
0.15742843,0.18544385,0.004429263,0.74368215,0.044987764,1.8814754
0.160268,0.18853101,0.0044281464,0.7462281,0.044995543,1.8556991
0.16316706,0.19142137,0.0044280845,0.75023574,0.045019716,1.8291839
0.16596772,0.19428395,0.0044284733,0.75420713,0.045039933,1.8025689
0.16875683,0.19693592,0.0044288756,0.75788546,0.04505851,1.7800076
0.17147243,0.1998401,0.004428264,0.76146096,0.04508722,1.7575164
0.17415649,0.20219988,0.0044290274,0.7652896,0.045102134,1.7360828
0.17681682,0.20498548,0.0044285106,0.7691012,0.045127805,1.715875
0.17945977,0.20739657,0.004428564,0.77331936,0.045153566,1.6959425
0.18202555,0.21009898,0.004428781,0.7771488,0.045177184,1.6768746
0.18454963,0.21249494,0.0044294824,0.78125983,0.045205776,1.6574976
0.18712446,0.21543053,0.004429422,0.7857035,0.045227367,1.6404473
0.18970947,0.21784618,0.004430052,0.78969646,0.045257356,1.6259867
0.19218656,0.22024359,0.0044288044,0.7941233,0.04528054,1.6092194
0.19469744,0.22308335,0.004428855,0.7985441,0.045308076,1.594432
0.1971377,0.22493957,0.004427907,0.80322975,0.04533614,1.578573
0.19955672,0.22790451,0.0044298875,0.8074533,0.04535918,1.5644829
0.20193022,0.23002039,0.004430188,0.81221855,0.045395862,1.5490237
0.20438924,0.23275335,0.004429746,0.81745213,0.04542658,1.5354893
0.20684686,0.23484844,0.0044311136,0.822508,0.045463998,1.5230124
0.20922285,0.23740922,0.0044301976,0.8263855,0.045490485,1.5122024
0.2115401,0.24009986,0.0044311,0.8304786,0.045518883,1.5005504
0.2138544,0.24199536,0.004431285,0.83443516,0.04554497,1.4898139
0.21633896,0.24482235,0.0044298926,0.8396209,0.04557909,1.4803679
0.218559,0.24675132,0.004430174,0.8437798,0.045608256,1.468829
0.22102514,0.24953176,0.0044325152,0.84885585,0.04563147,1.460511
0.22331,0.251694,0.004430684,0.8526501,0.045676995,1.4514458
0.2255346,0.2538042,0.0044310214,0.8569287,0.04570334,1.4414659
0.2278163,0.256048,0.0044307355,0.8614763,0.04573067,1.4324238
0.2302694,0.25862232,0.00443102,0.86715645,0.04576837,1.4245207
0.23258874,0.26095742,0.0044300486,0.87143564,0.045803465,1.4171243
0.23493901,0.2629161,0.0044325152,0.8763948,0.045840934,1.4095166
0.2370119,0.26480824,0.0044345795,0.8800887,0.045857854,1.400478
0.23914997,0.26819694,0.0044334317,0.88403136,0.045894828,1.3921155
0.24156861,0.2692802,0.0044325404,0.8903134,0.045929596,1.3847532
0.24374005,0.27159607,0.0044334913,0.894553,0.045972444,1.3770504
0.24595292,0.2747285,0.004433157,0.8994199,0.04599759,1.3696253
0.24809463,0.27665195,0.004434393,0.9038037,0.046033412,1.3620907
0.25037786,0.27864945,0.0044340957,0.90810424,0.04605613,1.3568147
0.25263745,0.28088498,0.004433602,0.9120963,0.046103146,1.3515446
0.2545962,0.2829276,0.0044341264,0.9156717,0.04611852,1.3438513
0.25691473,0.28528643,0.004432636,0.9217184,0.046170976,1.3373054
0.2591002,0.2873407,0.0044341576,0.9245293,0.046187572,1.3335136
0.26135316,0.28904632,0.0044360226,0.93072426,0.046231195,1.3266101
0.2633618,0.29183358,0.0044345264,0.93431216,0.046260018,1.3202907
0.2654834,0.2940539,0.0044359625,0.93936133,0.04629725,1.3137518
0.2676507,0.29616317,0.00443452,0.943084,0.046329793,1.309335
0.26969767,0.29794124,0.004435635,0.9481546,0.046360627,1.3024881
0.27180472,0.29990944,0.0044355686,0.9517391,0.046393793,1.2979347
0.2717862,0.2999456,0.004435821,0.9549961,0.046418816,1.2942419
0.27173823,0.30005407,0.0044372794,0.9565979,0.04642005,1.2921466
0.27176395,0.30032772,0.004436004,0.9580874,0.046434995,1.2907664
0.27179772,0.30046168,0.0044359653,0.95836836,0.04644749,1.290698
0.27150288,0.29943615,0.004434184,0.9584504,0.046437178,1.2877725
0.27172104,0.29963326,0.004435961,0.96115077,0.046455488,1.2870687
0.27126318,0.29950312,0.0044341595,0.9586923,0.046440553,1.2850997
0.27140203,0.29950798,0.0044357926,0.960467,0.04645753,1.2845422
0.27145272,0.300066,0.0044343215,0.9613485,0.046463422,1.2841104
0.27151683,0.29929978,0.004433652,0.9624178,0.046458956,1.2837272
0.2715229,0.29970756,0.004434963,0.9631125,0.0464763,1.2829187
0.27139568,0.2995957,0.0044356748,0.96229774,0.046469282,1.2825307
0.271292,0.29909757,0.0044358154,0.96200925,0.04645155,1.281959
0.27138665,0.29991028,0.004433735,0.9636183,0.04646643,1.2811502
0.27104634,0.30019522,0.0044326545,0.9617088,0.046459094,1.279731
0.27102503,0.29951912,0.0044318307,0.9620746,0.046464875,1.279095
0.27126878,0.2998381,0.0044327998,0.9641385,0.04647126,1.2794039
0.27115723,0.29967365,0.004431899,0.9638073,0.04646343,1.2786989
0.27092466,0.29926825,0.004433459,0.9625884,0.046466112,1.2775633
0.13688216,0.16023968,0.004426537,0.90406567,0.046032924,1.3613235
0.12949789,0.15599269,0.004421371,0.8352122,0.045534525,1.5413692
0.1260478,0.15323581,0.004416776,0.80314994,0.045291126,1.6810269
0.12409375,0.15148659,0.004413063,0.7850215,0.045150295,1.7690616
0.12283687,0.15055601,0.0044122757,0.7733276,0.045062885,1.8254071
0.122032315,0.14985529,0.0044108983,0.7658343,0.045007803,1.8671157
0.12131361,0.14928795,0.004410375,0.7591286,0.044959716,1.9006261
0.120727494,0.1485361,0.0044091875,0.7537145,0.04491512,1.9291556
0.12027597,0.1482842,0.0044089705,0.7494979,0.04488529,1.9530572
0.11987252,0.14787778,0.00440786,0.74577945,0.04485377,1.9718075
0.119538106,0.14791107,0.0044072787,0.7426376,0.04483362,1.9887292
0.1192253,0.1473219,0.0044075563,0.73979324,0.044805218,2.0048041
0.118962005,0.14685412,0.0044068494,0.7372952,0.04479179,2.020804
0.11874008,0.14684391,0.0044059544,0.7352188,0.044777602,2.0348797
0.11850345,0.14654356,0.004405295,0.7330269,0.044760223,2.047412
0.118294865,0.14650989,0.0044045416,0.73115426,0.044738993,2.0600855
0.118122116,0.14656581,0.004403691,0.72951686,0.044730064,2.0719023
0.11796139,0.14621657,0.004405143,0.72798884,0.044722002,2.0839992
0.11777246,0.14600344,0.004404386,0.72625464,0.04470655,2.0936847
0.1176503,0.1458495,0.0044035087,0.72510296,0.04469964,2.1044886
0.117532805,0.14592434,0.004403043,0.7240339,0.044689108,2.1153862
0.120902896,0.14924233,0.0044039343,0.7225619,0.044679925,2.1158314
0.124362096,0.15262948,0.0044033695,0.72207785,0.044681873,2.109626
0.1277949,0.15593056,0.0044031227,0.72190297,0.044678643,2.0971315
0.13120571,0.15956478,0.004403664,0.72201514,0.044676848,2.0830474
0.13457584,0.1628739,0.0044027604,0.72261304,0.0446823,2.0630348
0.1378547,0.16619958,0.0044025485,0.7234088,0.044690225,2.038333
0.14115006,0.16957532,0.004403036,0.72519976,0.044699997,2.01341
0.14433473,0.17261636,0.004403081,0.72677267,0.0447085,1.9881496
0.14749132,0.17596641,0.0044035977,0.72900015,0.04472209,1.9619232
0.1506007,0.17895688,0.0044021285,0.7313647,0.044733472,1.9374322
0.15364332,0.18158078,0.0044035153,0.7337615,0.04474575,1.9135133
0.15664522,0.18484968,0.0044032694,0.7359702,0.044760056,1.8923906
0.15966247,0.18784066,0.0044034314,0.73870766,0.044775385,1.8727368
0.16261484,0.1908919,0.0044039832,0.74137676,0.044788584,1.8534929
0.16547251,0.1935166,0.004403257,0.74386245,0.044801153,1.8337914
0.16834737,0.19647397,0.0044039874,0.74645394,0.044824142,1.816404
0.17119655,0.19953036,0.0044036675,0.74956745,0.044841956,1.798499
0.1739183,0.20229854,0.0044032577,0.7524391,0.044856694,1.7792456
0.17671257,0.20499708,0.004404147,0.755797,0.044877343,1.7625822
0.17942445,0.20754713,0.0044045253,0.75866157,0.044897888,1.7465984
0.18221226,0.21043923,0.004405329,0.76224416,0.044918086,1.7322638
0.18487972,0.21305066,0.004405407,0.7647282,0.04493586,1.7190144
0.18760587,0.21588592,0.004404224,0.76838565,0.044954434,1.7053684
0.19017339,0.21838902,0.0044046855,0.7710171,0.044975538,1.6913917
0.1928477,0.22113161,0.0044046147,0.77488023,0.044997983,1.6781088
0.19543608,0.22377849,0.0044051134,0.7780813,0.045018565,1.6654359
0.19793053,0.22637922,0.0044052033,0.7810497,0.045032933,1.652269
0.20057546,0.22890908,0.0044051516,0.78497505,0.045063343,1.6408732
0.2031907,0.23138756,0.0044064326,0.7889245,0.045086395,1.6297491
0.20571142,0.23405957,0.0044061947,0.79191196,0.045103572,1.6195202
0.20822488,0.23637272,0.0044048307,0.79511166,0.045124788,1.6093242
0.21078563,0.23863925,0.0044064596,0.79905844,0.0451564,1.5990515
0.21325444,0.24149975,0.004406636,0.8019358,0.045175515,1.5899032
0.21587868,0.24405502,0.004407246,0.8066051,0.045197055,1.5808305
0.21836266,0.24630275,0.0044076024,0.80969906,0.045227494,1.5724201
0.22072834,0.24929446,0.004407708,0.81274545,0.0452436,1.5628233
0.22326922,0.2516737,0.004408183,0.817212,0.045275316,1.5540308
0.22569336,0.25395417,0.004408892,0.82043254,0.045296103,1.5459967
0.228112,0.25661516,0.004409602,0.8237042,0.0453211,1.5381461
0.23066592,0.25887832,0.0044105123,0.82828665,0.045350537,1.5306851
0.23298882,0.2612364,0.0044087996,0.8311349,0.04536913,1.5229067
0.23531328,0.26344812,0.004407932,0.8335466,0.045396,1.5160261
0.23765965,0.26610094,0.004408872,0.8369304,0.045415554,1.5085138
0.24002334,0.2684643,0.00440975,0.8412301,0.0454417,1.5002412
0.24228337,0.2704268,0.0044105905,0.8450339,0.04547765,1.491484
0.24481836,0.2729047,0.004412909,0.8501655,0.045514725,1.4849452
0.24702238,0.27492788,0.004410871,0.8530808,0.04553275,1.4775379
0.249265,0.2773847,0.004410435,0.85651565,0.045558583,1.4701729
0.25141552,0.27967474,0.0044106753,0.8594318,0.045582756,1.462635
0.25377283,0.28237814,0.0044121477,0.8643061,0.045611743,1.4554709
0.25599113,0.28398922,0.0044128797,0.8675261,0.045642257,1.448882
0.25818902,0.28630245,0.004411419,0.8715474,0.045660093,1.4415351
0.2604001,0.28852153,0.004413143,0.8758782,0.045693785,1.4340812
0.26247033,0.29100582,0.004413132,0.8793955,0.04572887,1.4262289
0.26461205,0.29293385,0.0044135978,0.88351357,0.045760203,1.4188266
0.2666982,0.29474556,0.004413473,0.8873716,0.045783546,1.4114586
0.26889092,0.2970432,0.0044136457,0.89248794,0.045820322,1.4040046
0.27077192,0.2990781,0.004413659,0.89525974,0.04584426,1.3961409
0.27285498,0.30100176,0.0044163396,0.90020365,0.045881663,1.3882506
0.2747814,0.30281195,0.004415176,0.9034166,0.045914304,1.3808393
0.27459678,0.3032372,0.0044169007,0.90762675,0.04594711,1.3744531
0.2743444,0.3021914,0.0044162995,0.9097842,0.045959193,1.3696518
0.273943,0.30234244,0.004415303,0.91102856,0.045970682,1.3642795
0.2739079,0.3019011,0.0044167764,0.91546327,0.04600184,1.3591806
0.27358308,0.30191723,0.004417822,0.91685873,0.04602911,1.3542632
0.27342632,0.30133286,0.004417113,0.9195887,0.04603804,1.349877
0.27318618,0.3009805,0.004416633,0.9210064,0.04605597,1.3458791
0.2731693,0.30158016,0.004416576,0.9233952,0.046062108,1.3432602
0.2728212,0.301285,0.004419197,0.9238162,0.04607499,1.3392264
0.27260786,0.30116814,0.0044173235,0.9247168,0.046094082,1.3360038
0.2726733,0.30102718,0.0044192984,0.92769843,0.046118867,1.3334268
0.27258757,0.30126745,0.0044171326,0.92869693,0.04610624,1.3316991
0.27237752,0.30050296,0.0044186222,0.9288797,0.046119157,1.3292854
0.27239773,0.3002354,0.004417619,0.93091816,0.046133034,1.3273113
0.27243954,0.3005377,0.0044187107,0.9318075,0.046137985,1.3267891
0.2722216,0.3007129,0.004418537,0.93157387,0.04614206,1.3248028
0.27219695,0.3004038,0.0044177636,0.93288034,0.04615403,1.323131
0.27218068,0.30070814,0.0044177114,0.93415254,0.046154246,1.3216938
0.27211273,0.30018649,0.004418784,0.9344381,0.04615702,1.3207
